,P20152,UNIQUE,SEQUENCE,tag_126.127726,tag_127.124761,tag_127.131081,tag_128.128116,tag_128.134436,tag_129.131471,tag_129.13779,tag_130.134825,tag_130.141145,tag_131.13818,Sequences_mod_check
435,S,U,R.DGQVINETSQHHDD.L,0.0,0.0,701.0,615.0,1626.0,1751.0,1097.0,1990.0,1044.0,1902.0,R.DGQVINETSQHHDD.L
,E9QPD7,UNIQUE,SEQUENCE,tag_126.127726,tag_127.124761,tag_127.131081,tag_128.128116,tag_128.134436,tag_129.131471,tag_129.13779,tag_130.134825,tag_130.141145,tag_131.13818,Sequences_mod_check
1020,S,U,R.VVHSYEELEENYTRAY.S,3716.0,1005.0,2356.0,2313.0,3357.0,4112.0,3252.0,4202.0,4543.0,4285.0,R.VVHSYEELEENYTRAY.S
1356,S,U,R.LQVEHTVTEEITDVDLVH.A,4542.0,1005.0,3151.0,3346.0,2560.0,5688.0,2163.0,3424.0,8217.0,3924.0,R.LQVEHTVTEEITDVDLVH.A
1357,S,U,R.LQVEHTVTEEITDVDLVHAQ.I,1891.0,1886.0,5001.0,4808.0,4054.0,6816.0,2907.0,6941.0,6739.0,14369.0,R.LQVEHTVTEEITDVDLVHAQ.I
1580,S,U,K.TNIPFLQNVLNNQQFLAGTVDTQF.I,0.0,1407.0,0.0,0.0,0.0,0.0,0.0,0.0,0.0,0.0,K.TNIPFLQNVLNNQQFLAGTVDTQF.I
1875,S,U,M.EAAGSAGGVVEAAISYTGDVADPSR.T,21761.0,2046.0,17760.0,22602.0,4648.0,7022.0,4754.0,11189.0,17349.0,12788.0,M.EAAGSAGGVVEAAISYTGDVADPSR.T
2054,S,U,K.SGNSDVYENEIPGGQYTNLHFQAH.S,16958.0,6839.0,14286.0,15334.0,9681.0,17207.0,8954.0,10083.0,25726.0,15023.0,K.SGNSDVYENEIPGGQYTNLHFQAH.S
2055,S,U,K.SGNSDVYENEIPGGQYTNLHFQAH.S,39132.0,13210.0,27261.0,31744.0,18244.0,35399.0,19729.0,19783.0,43295.0,33348.0,K.SGNSDVYENEIPGGQYTNLHFQAH.S
2056,S,U,K.SGNSDVYENEIPGGQYTNLHFQAH.S,4432.0,1372.0,3077.0,2596.0,318.0,3403.0,2104.0,2152.0,4457.0,2277.0,K.SGNSDVYENEIPGGQYTNLHFQAH.S
2057,S,U,K.SGNSDVYENEIPGGQYTNLHFQAH.S,29065.0,9372.0,22179.0,24766.0,19252.0,28556.0,16931.0,18231.0,34463.0,25250.0,K.SGNSDVYENEIPGGQYTNLHFQAH.S
2058,S,U,K.SGNSDVYENEIPGGQYTNLHFQAH.S,795.0,0.0,0.0,1278.0,0.0,875.0,0.0,821.0,1164.0,1378.0,K.SGNSDVYENEIPGGQYTNLHFQAH.S
2059,S,U,K.SGNSDVYENEIPGGQYTNLHFQAH.S,11075.0,6516.0,13407.0,13202.0,8432.0,15375.0,6095.0,9799.0,16484.0,14238.0,K.SGNSDVYENEIPGGQYTNLHFQAH.S
2060,S,U,K.SGNSDVYENEIPGGQYTNLHFQAH.S,26887.0,10708.0,19432.0,23985.0,14719.0,27496.0,15795.0,17175.0,31510.0,22310.0,K.SGNSDVYENEIPGGQYTNLHFQAH.S
2331,S,U,Y.IGIPHGGFPEPFR.S,16399.0,6008.0,9560.0,9054.0,6724.0,16423.0,9539.0,8841.0,14132.0,9543.0,Y.IGIPHGGFPEPFR.S
,Q3ULD5,UNIQUE,SEQUENCE,tag_126.127726,tag_127.124761,tag_127.131081,tag_128.128116,tag_128.134436,tag_129.131471,tag_129.13779,tag_130.134825,tag_130.141145,tag_131.13818,Sequences_mod_check
3064,S,U,K.AATGEEVSAEDLGGADLH.C,17346.0,6541.0,4853.0,3850.0,12786.0,14838.0,7240.0,7186.0,8428.0,9834.0,K.AATGEEVSAEDLGGADLH.C
,Q8CGN5,UNIQUE,SEQUENCE,tag_126.127726,tag_127.124761,tag_127.131081,tag_128.128116,tag_128.134436,tag_129.131471,tag_129.13779,tag_130.134825,tag_130.141145,tag_131.13818,Sequences_mod_check
3378,S,U,K.GSGARPASPESTPRPGQPR.G,0.0,0.0,0.0,0.0,1742.0,3616.0,899.0,815.0,0.0,3220.0,K.GSGARPASPESTPRPGQPR.G
,Q91ZA3,UNIQUE,SEQUENCE,tag_126.127726,tag_127.124761,tag_127.131081,tag_128.128116,tag_128.134436,tag_129.131471,tag_129.13779,tag_130.134825,tag_130.141145,tag_131.13818,Sequences_mod_check
3482,S,U,R.LAAEDVTFIGPDTH.A,2065.0,3933.0,2068.0,3135.0,2709.0,3970.0,878.0,2347.0,3448.0,3153.0,R.LAAEDVTFIGPDTH.A
,P20029,UNIQUE,SEQUENCE,tag_126.127726,tag_127.124761,tag_127.131081,tag_128.128116,tag_128.134436,tag_129.131471,tag_129.13779,tag_130.134825,tag_130.141145,tag_131.13818,Sequences_mod_check
4291,S,U,R.GINPDEAVAYGAAVQAGVLSGD.Q,0.0,0.0,688.0,0.0,1557.0,2935.0,592.0,2408.0,1662.0,4234.0,R.GINPDEAVAYGAAVQAGVLSGD.Q
4292,S,U,R.GINPDEAVAYGAAVQAGVLSGDQDTGD.L,0.0,0.0,0.0,0.0,4098.0,6184.0,1391.0,2260.0,2275.0,5755.0,R.GINPDEAVAYGAAVQAGVLSGDQDTGD.L
,P57759,UNIQUE,SEQUENCE,tag_126.127726,tag_127.124761,tag_127.131081,tag_128.128116,tag_128.134436,tag_129.131471,tag_129.13779,tag_130.134825,tag_130.141145,tag_131.13818,Sequences_mod_check
4696,S,U,R.LAENSASSEELLVAEVGISDYGD.K,0.0,0.0,0.0,0.0,871.0,1351.0,0.0,1120.0,850.0,876.0,R.LAENSASSEELLVAEVGISDYGD.K
,P09103,UNIQUE,SEQUENCE,tag_126.127726,tag_127.124761,tag_127.131081,tag_128.128116,tag_128.134436,tag_129.131471,tag_129.13779,tag_130.134825,tag_130.141145,tag_131.13818,Sequences_mod_check
4871,S,U,K.FLESGGQDGAGDDEDLDLEEALEPD.M,0.0,0.0,0.0,0.0,0.0,589.0,0.0,0.0,0.0,0.0,K.FLESGGQDGAGDDEDLDLEEALEPD.M
,Q99MN9,UNIQUE,SEQUENCE,tag_126.127726,tag_127.124761,tag_127.131081,tag_128.128116,tag_128.134436,tag_129.131471,tag_129.13779,tag_130.134825,tag_130.141145,tag_131.13818,Sequences_mod_check
5069,S,U,R.EFFNFLPLSSQDPAPIRECHD.P,0.0,0.0,0.0,0.0,853.0,0.0,0.0,741.0,0.0,0.0,R.EFFNFLPLSSQDPAPIRECHD.P
,P08113,UNIQUE,SEQUENCE,tag_126.127726,tag_127.124761,tag_127.131081,tag_128.128116,tag_128.134436,tag_129.131471,tag_129.13779,tag_130.134825,tag_130.141145,tag_131.13818,Sequences_mod_check
5992,S,U,K.EESDDEAAVEEEEEEKKPK.T,0.0,0.0,907.0,475.0,34581.0,49545.0,3057.0,28319.0,14075.0,61452.0,K.EESDDEAAVEEEEEEKKPK.T
5993,S,U,K.EESDDEAAVEEEEEEKKPK.T,0.0,0.0,0.0,598.0,7811.0,14574.0,839.0,5912.0,4854.0,15831.0,K.EESDDEAAVEEEEEEKKPK.T
5994,S,U,K.EESDDEAAVEEEEEEKKPK.T,629.0,0.0,645.0,1489.0,26572.0,34871.0,3308.0,16729.0,9409.0,34588.0,K.EESDDEAAVEEEEEEKKPK.T
5995,S,U,K.EESDDEAAVEEEEEEKKPK.T,965.0,0.0,0.0,975.0,7688.0,14840.0,1175.0,7859.0,4068.0,12441.0,K.EESDDEAAVEEEEEEKKPK.T
6201,S,U,R.LSLNIDPEAQVEEEPEEEPEDTSED.A,0.0,0.0,0.0,0.0,0.0,1451.0,0.0,827.0,0.0,1138.0,R.LSLNIDPEAQVEEEPEEEPEDTSED.A
,P68369,UNIQUE,SEQUENCE,tag_126.127726,tag_127.124761,tag_127.131081,tag_128.128116,tag_128.134436,tag_129.131471,tag_129.13779,tag_130.134825,tag_130.141145,tag_131.13818,Sequences_mod_check
6670,S,U,K.DYEEVGVDSVEGEGEEEGEE.Y,1107.0,0.0,0.0,0.0,2088.0,3070.0,1947.0,1317.0,1723.0,4048.0,K.DYEEVGVDSVEGEGEEEGEE.Y
,Q8BSY0,UNIQUE,SEQUENCE,tag_126.127726,tag_127.124761,tag_127.131081,tag_128.128116,tag_128.134436,tag_129.131471,tag_129.13779,tag_130.134825,tag_130.141145,tag_131.13818,Sequences_mod_check
6691,S,U,R.TFPPEEEAETHAELEEQAPEGADIQNVED.E,0.0,0.0,0.0,0.0,0.0,0.0,0.0,864.0,0.0,1162.0,R.TFPPEEEAETHAELEEQAPEGADIQNVED.E
6738,S,U,D.GLAGEPQPEVEDFLTVTDSDDR.F,2631.0,633.0,1008.0,1571.0,2915.0,3028.0,2319.0,2698.0,3094.0,3811.0,D.GLAGEPQPEVEDFLTVTDSDDR.F
6739,S,U,R.FEDLEPGTVHEEIEDTYHVEDTASQN.H,0.0,0.0,0.0,0.0,630.0,703.0,0.0,596.0,767.0,804.0,R.FEDLEPGTVHEEIEDTYHVEDTASQN.H
6740,S,U,R.HQDYDEPVYEPSEHEGVAISDNTIDD.S,0.0,0.0,0.0,0.0,1140.0,1054.0,0.0,987.0,1386.0,867.0,R.HQDYDEPVYEPSEHEGVAISDNTIDD.S
,Q99MR8,UNIQUE,SEQUENCE,tag_126.127726,tag_127.124761,tag_127.131081,tag_128.128116,tag_128.134436,tag_129.131471,tag_129.13779,tag_130.134825,tag_130.141145,tag_131.13818,Sequences_mod_check
7710,S,U,M.GVQSVAVYSEADR.N,3425.0,631.0,2012.0,2854.0,3623.0,5225.0,7756.0,6538.0,4092.0,7163.0,M.GVQSVAVYSEADR.N
7789,S,U,R.SEREFQEQLESARR.E,32631.0,12386.0,25543.0,16576.0,26933.0,46077.0,20437.0,26810.0,33172.0,30838.0,R.SEREFQEQLESARR.E
,Q8BFZ9,UNIQUE,SEQUENCE,tag_126.127726,tag_127.124761,tag_127.131081,tag_128.128116,tag_128.134436,tag_129.131471,tag_129.13779,tag_130.134825,tag_130.141145,tag_131.13818,Sequences_mod_check
8326,S,U,R.VTKPNIPEAIRR.N,1018.0,0.0,1186.0,1205.0,11133.0,14969.0,6248.0,19863.0,27271.0,30061.0,R.VTKPNIPEAIRR.N
8327,S,U,R.VTKPNIPEAIRR.N,2788.0,1127.0,2372.0,4051.0,80324.0,54885.0,35893.0,140626.0,184184.0,176508.0,R.VTKPNIPEAIRR.N
8328,S,U,R.VTKPNIPEAIRR.N,1814.0,717.0,929.0,1643.0,10047.0,10308.0,8065.0,13971.0,19989.0,18738.0,R.VTKPNIPEAIRR.N
8329,S,U,R.VTKPNIPEAIRR.N,2361.0,0.0,1829.0,1796.0,50019.0,28780.0,21652.0,71515.0,109468.0,96603.0,R.VTKPNIPEAIRR.N
8330,S,U,R.VTKPNIPEAIRR.N,1280.0,0.0,1978.0,2042.0,30929.0,17976.0,15622.0,43901.0,62855.0,59971.0,R.VTKPNIPEAIRR.N
,P55302,UNIQUE,SEQUENCE,tag_126.127726,tag_127.124761,tag_127.131081,tag_128.128116,tag_128.134436,tag_129.131471,tag_129.13779,tag_130.134825,tag_130.141145,tag_131.13818,Sequences_mod_check
9457,S,U,K.DAQMVHSNALNEDTQDELGD.P,0.0,0.0,0.0,0.0,0.0,0.0,0.0,0.0,697.0,842.0,K.DAQM(15.9949)VHSNALNEDTQDELGD.P
,Q5SWU9,UNIQUE,SEQUENCE,tag_126.127726,tag_127.124761,tag_127.131081,tag_128.128116,tag_128.134436,tag_129.131471,tag_129.13779,tag_130.134825,tag_130.141145,tag_131.13818,Sequences_mod_check
9612,S,U,G.SVSEDNSEDEISNLVK.L,1066.0,0.0,0.0,1096.0,0.0,0.0,0.0,0.0,644.0,0.0,G.SVSEDNSEDEISNLVK.L
9613,S,U,K.EGSLSPASVSSDTLSDLGISGLQD.G,2210.0,613.0,1348.0,1381.0,1111.0,1494.0,516.0,1113.0,3192.0,1353.0,K.EGSLSPASVSSDTLSDLGISGLQD.G
,Q8BQ47,UNIQUE,SEQUENCE,tag_126.127726,tag_127.124761,tag_127.131081,tag_128.128116,tag_128.134436,tag_129.131471,tag_129.13779,tag_130.134825,tag_130.141145,tag_131.13818,Sequences_mod_check
13212,S,U,R.SREVLELGQVLDTGKR.K,0.0,0.0,0.0,791.0,2298.0,4450.0,1514.0,3800.0,6132.0,5555.0,R.SREVLELGQVLDTGKR.K
,Q6GT24,UNIQUE,SEQUENCE,tag_126.127726,tag_127.124761,tag_127.131081,tag_128.128116,tag_128.134436,tag_129.131471,tag_129.13779,tag_130.134825,tag_130.141145,tag_131.13818,Sequences_mod_check
13786,S,U,M.PGGLLLGDEAPNFEANTTIGR.I,4255.0,3326.0,7032.0,9461.0,10033.0,13339.0,9746.0,17513.0,11583.0,15367.0,M.PGGLLLGDEAPNFEANTTIGR.I
,Q3TMX5,UNIQUE,SEQUENCE,tag_126.127726,tag_127.124761,tag_127.131081,tag_128.128116,tag_128.134436,tag_129.131471,tag_129.13779,tag_130.134825,tag_130.141145,tag_131.13818,Sequences_mod_check
15352,S,U,A.LRPGDCEVCISYLGR.F,654.0,771.0,1955.0,1499.0,10663.0,19294.0,6227.0,15261.0,15235.0,16758.0,A.LRPGDCEVCISYLGR.F
15353,S,U,A.LRPGDCEVCISYLGR.F,3008.0,1426.0,2169.0,3343.0,22184.0,38092.0,10611.0,32804.0,33416.0,34743.0,A.LRPGDCEVCISYLGR.F
15354,S,U,A.LRPGDCEVCISYLGR.F,1392.0,1602.0,1739.0,2568.0,6745.0,11800.0,4131.0,7952.0,10324.0,10336.0,A.LRPGDCEVCISYLGR.F
15355,S,U,A.LRPGDCEVCISYLGR.F,2030.0,1325.0,2052.0,2662.0,10154.0,18574.0,3199.0,12533.0,13618.0,18643.0,A.LRPGDCEVCISYLGR.F
,Q06890,UNIQUE,SEQUENCE,tag_126.127726,tag_127.124761,tag_127.131081,tag_128.128116,tag_128.134436,tag_129.131471,tag_129.13779,tag_130.134825,tag_130.141145,tag_131.13818,Sequences_mod_check
16868,S,U,G.EQEVSDNELQELSTQGSR.Y,6566.0,5900.0,9923.0,6289.0,17154.0,31058.0,10810.0,21856.0,29707.0,51110.0,G.EQEVSDNELQELSTQGSR.Y
16869,S,U,G.EQEVSDNELQELSTQGSR.Y,3032.0,2130.0,5254.0,3714.0,10619.0,15790.0,6066.0,7478.0,18968.0,24947.0,G.EQEVSDNELQELSTQGSR.Y
16870,S,U,G.EQEVSDNELQELSTQGSR.Y,1619.0,1134.0,2222.0,1553.0,3930.0,8802.0,2576.0,5591.0,8273.0,13066.0,G.EQEVSDNELQELSTQGSR.Y
,F8VQJ3,UNIQUE,SEQUENCE,tag_126.127726,tag_127.124761,tag_127.131081,tag_128.128116,tag_128.134436,tag_129.131471,tag_129.13779,tag_130.134825,tag_130.141145,tag_131.13818,Sequences_mod_check
17247,S,U,R.STLQEANDILNNLKDFDRR.V,941.0,0.0,0.0,0.0,1023.0,3197.0,451.0,787.0,1103.0,3165.0,R.STLQEANDILNNLKDFDRR.V
,P97927,UNIQUE,SEQUENCE,tag_126.127726,tag_127.124761,tag_127.131081,tag_128.128116,tag_128.134436,tag_129.131471,tag_129.13779,tag_130.134825,tag_130.141145,tag_131.13818,Sequences_mod_check
17893,S,U,K.DFNLLEQTETLGVGYGCPED.S,0.0,0.0,0.0,0.0,1132.0,0.0,0.0,1019.0,0.0,686.0,K.DFNLLEQTETLGVGYGCPED.S
,O08795,UNIQUE,SEQUENCE,tag_126.127726,tag_127.124761,tag_127.131081,tag_128.128116,tag_128.134436,tag_129.131471,tag_129.13779,tag_130.134825,tag_130.141145,tag_131.13818,Sequences_mod_check
19056,S,U,D.GTDEYNSGTVCENTCR.E,0.0,0.0,0.0,604.0,4377.0,5473.0,1538.0,2706.0,2042.0,7590.0,D.GTDEYNSGTVCENTCR.E
19105,S,U,D.GDGALSEEEAQALLSGDTQTDTTSFYDR.V,0.0,0.0,0.0,0.0,3414.0,5184.0,1544.0,2944.0,3103.0,5721.0,D.GDGALSEEEAQALLSGDTQTDTTSFYDR.V
19106,S,U,D.GDGALSEEEAQALLSGDTQTDTTSFYDR.V,0.0,0.0,0.0,0.0,4856.0,5749.0,1092.0,4951.0,4512.0,7018.0,D.GDGALSEEEAQALLSGDTQTDTTSFYDR.V
,P05784,UNIQUE,SEQUENCE,tag_126.127726,tag_127.124761,tag_127.131081,tag_128.128116,tag_128.134436,tag_129.131471,tag_129.13779,tag_130.134825,tag_130.141145,tag_131.13818,Sequences_mod_check
19367,S,U,R.VRPASSAASVYAGAGGSGSRISVSR.S,1383.0,1904.0,0.0,806.0,2153.0,3578.0,1606.0,2851.0,1915.0,5982.0,R.VRPASSAASVYAGAGGSGSRISVSR.S
19368,S,U,R.VRPASSAASVYAGAGGSGSRISVSR.S,2301.0,3186.0,0.0,1498.0,2930.0,5707.0,2171.0,2489.0,2180.0,9917.0,R.VRPASSAASVYAGAGGSGSRISVSR.S
,Q8CFX1,UNIQUE,SEQUENCE,tag_126.127726,tag_127.124761,tag_127.131081,tag_128.128116,tag_128.134436,tag_129.131471,tag_129.13779,tag_130.134825,tag_130.141145,tag_131.13818,Sequences_mod_check
21706,S,U,R.CVPLSDPDSNFQGLQAH.L,0.0,0.0,0.0,0.0,1153.0,1512.0,748.0,2854.0,3362.0,2418.0,R.CVPLSDPDSNFQGLQAH.L
,P02469,UNIQUE,SEQUENCE,tag_126.127726,tag_127.124761,tag_127.131081,tag_128.128116,tag_128.134436,tag_129.131471,tag_129.13779,tag_130.134825,tag_130.141145,tag_131.13818,Sequences_mod_check
21955,S,U,Q.EPEFSYGCAEGSCYPATGDLLIGR.A,0.0,0.0,0.0,0.0,961.0,1052.0,0.0,0.0,0.0,1723.0,Q.EPEFSYGCAEGSCYPATGDLLIGR.A
,Q61554,UNIQUE,SEQUENCE,tag_126.127726,tag_127.124761,tag_127.131081,tag_128.128116,tag_128.134436,tag_129.131471,tag_129.13779,tag_130.134825,tag_130.141145,tag_131.13818,Sequences_mod_check
23335,S,U,R.RPDGEGCIDENECQTKPGICENGR.C,1165.0,0.0,1389.0,2539.0,5753.0,10823.0,3239.0,4410.0,6754.0,5941.0,R.RPDGEGCIDENECQTKPGICENGR.C
23336,S,U,R.RPDGEGCIDENECQTKPGICENGR.C,3811.0,1836.0,2448.0,5841.0,9738.0,20995.0,8796.0,7464.0,7345.0,7492.0,R.RPDGEGCIDENECQTKPGICENGR.C
,Q8BH61,UNIQUE,SEQUENCE,tag_126.127726,tag_127.124761,tag_127.131081,tag_128.128116,tag_128.134436,tag_129.131471,tag_129.13779,tag_130.134825,tag_130.141145,tag_131.13818,Sequences_mod_check
24414,S,U,N.SNAAEVDLPTEELQGLVPR.G,735.0,0.0,816.0,1136.0,0.0,849.0,682.0,0.0,1236.0,912.0,N.SNAAEVDLPTEELQGLVPR.G
,Q8BHT6,UNIQUE,SEQUENCE,tag_126.127726,tag_127.124761,tag_127.131081,tag_128.128116,tag_128.134436,tag_129.131471,tag_129.13779,tag_130.134825,tag_130.141145,tag_131.13818,Sequences_mod_check
26009,S,U,K.GGGPALTPVPEFCTEDVD.P,0.0,0.0,0.0,0.0,2477.0,2234.0,804.0,2581.0,3769.0,2024.0,K.GGGPALTPVPEFCTEDVD.P
,G5E8F8,UNIQUE,SEQUENCE,tag_126.127726,tag_127.124761,tag_127.131081,tag_128.128116,tag_128.134436,tag_129.131471,tag_129.13779,tag_130.134825,tag_130.141145,tag_131.13818,Sequences_mod_check
26161,S,U,G.LNICTSGSATSCEECLLIHPK.C,0.0,0.0,0.0,0.0,887.0,1503.0,0.0,938.0,2024.0,1979.0,G.LNICTSGSATSCEECLLIHPK.C
,E9QLQ3,UNIQUE,SEQUENCE,tag_126.127726,tag_127.124761,tag_127.131081,tag_128.128116,tag_128.134436,tag_129.131471,tag_129.13779,tag_130.134825,tag_130.141145,tag_131.13818,Sequences_mod_check
26560,S,U,R.SASTAEEKVPVIRPR.R,4958.0,760.0,4514.0,3777.0,30919.0,53103.0,11692.0,27084.0,22197.0,52407.0,R.SASTAEEKVPVIRPR.R
26561,S,U,R.SASTAEEKVPVIRPR.R,3616.0,474.0,1919.0,2201.0,10698.0,17077.0,5141.0,9632.0,9529.0,17956.0,R.SASTAEEKVPVIRPR.R
,Q8VBZ3,UNIQUE,SEQUENCE,tag_126.127726,tag_127.124761,tag_127.131081,tag_128.128116,tag_128.134436,tag_129.131471,tag_129.13779,tag_130.134825,tag_130.141145,tag_131.13818,Sequences_mod_check
30647,S,U,M.AAAQEADGAGSAVVAAGGGSSGQVTSNGSIGR.D,0.0,0.0,0.0,0.0,4860.0,5895.0,2790.0,6411.0,7487.0,9348.0,M.AAAQEADGAGSAVVAAGGGSSGQVTSNGSIGR.D
30648,S,U,A.AQEADGAGSAVVAAGGGSSGQVTSNGSIGR.D,0.0,0.0,0.0,0.0,716.0,902.0,0.0,1352.0,901.0,2030.0,A.AQEADGAGSAVVAAGGGSSGQVTSNGSIGR.D
,Q60598,UNIQUE,SEQUENCE,tag_126.127726,tag_127.124761,tag_127.131081,tag_128.128116,tag_128.134436,tag_129.131471,tag_129.13779,tag_130.134825,tag_130.141145,tag_131.13818,Sequences_mod_check
33434,S,U,Q.SAVGFEYQGK.T,3081.0,1341.0,4254.0,4464.0,8414.0,28188.0,13610.0,16163.0,10526.0,36419.0,Q.SAVGFEYQGK.T
33435,S,U,Q.SAVGFEYQGK.T,1623.0,0.0,1779.0,2222.0,4009.0,10738.0,6628.0,5755.0,7040.0,13933.0,Q.SAVGFEYQGK.T
,O08677,UNIQUE,SEQUENCE,tag_126.127726,tag_127.124761,tag_127.131081,tag_128.128116,tag_128.134436,tag_129.131471,tag_129.13779,tag_130.134825,tag_130.141145,tag_131.13818,Sequences_mod_check
33900,S,U,G.EEAQEIDCNDEAVFQAVDFSLK.Q,0.0,0.0,0.0,0.0,0.0,957.0,0.0,1060.0,0.0,764.0,G.EEAQEIDCNDEAVFQAVDFSLK.Q
,P29416,UNIQUE,SEQUENCE,tag_126.127726,tag_127.124761,tag_127.131081,tag_128.128116,tag_128.134436,tag_129.131471,tag_129.13779,tag_130.134825,tag_130.141145,tag_131.13818,Sequences_mod_check
34615,S,U,R.GIQAQPISVGYCEQEFE.Q,956.0,0.0,0.0,0.0,2277.0,5235.0,2253.0,2861.0,2570.0,3316.0,R.GIQAQPISVGYCEQEFE.Q
,Q9EP72,UNIQUE,SEQUENCE,tag_126.127726,tag_127.124761,tag_127.131081,tag_128.128116,tag_128.134436,tag_129.131471,tag_129.13779,tag_130.134825,tag_130.141145,tag_131.13818,Sequences_mod_check
34643,S,U,S.SEVPGAAAEGPGGSGVGLGDR.F,7626.0,5698.0,5064.0,8557.0,10262.0,14736.0,8871.0,12940.0,11447.0,18156.0,S.SEVPGAAAEGPGGSGVGLGDR.F
,Q64310,UNIQUE,SEQUENCE,tag_126.127726,tag_127.124761,tag_127.131081,tag_128.128116,tag_128.134436,tag_129.131471,tag_129.13779,tag_130.134825,tag_130.141145,tag_131.13818,Sequences_mod_check
35959,S,U,M.GQNDLMGTAEDFADQFLR.V,0.0,0.0,0.0,0.0,1975.0,1739.0,0.0,1191.0,1349.0,913.0,M.GQNDLM(15.9949)GTAEDFADQFLR.V
35960,S,U,M.GQNDLMGTAEDFADQFLR.V,0.0,0.0,0.0,0.0,1451.0,818.0,826.0,984.0,2218.0,947.0,M.GQNDLM(15.9949)GTAEDFADQFLR.V
