,E9QPD7,UNIQUE,SEQUENCE,tag_126.127726,tag_127.124761,tag_127.131081,tag_128.128116,tag_128.134436,tag_129.131471,tag_129.13779,tag_130.134825,tag_130.141145,tag_131.13818,Sequences_mod_check
1254,S,U,E.VQILGDQYGNILHLYER.D,1540.0,1847.0,1734.0,1412.0,2669.0,9948.0,2245.0,3808.0,7605.0,2999.0,E.VQILGDQYGNILHLYER.D
1719,S,U,D.NASAFQGAVISPHYDSLLVK.V,2820.0,2730.0,3115.0,1477.0,2748.0,2860.0,2562.0,2599.0,3298.0,2269.0,D.NASAFQGAVISPHYDSLLVK.V
1720,S,U,K.TNIPFLQNVLNNQQF.L,1257.0,1432.0,1437.0,0.0,1404.0,1606.0,0.0,0.0,0.0,0.0,K.TNIPFLQNVLNNQQF.L
2134,S,U,M.EAAGSAGGVVEAAISYTGDVADPSR.T,6259.0,9425.0,11752.0,1569.0,8284.0,7486.0,6482.0,3100.0,2703.0,3200.0,M.EAAGSAGGVVEAAISYTGDVADPSR.T
2357,S,U,K.SGNSDVYENEIPGGQYTNLHFQAH.S,6309.0,5609.0,7883.0,3488.0,9991.0,5694.0,4394.0,3292.0,4036.0,4003.0,K.SGNSDVYENEIPGGQYTNLHFQAH.S
2358,S,U,K.SGNSDVYENEIPGGQYTNLHFQAH.S,15961.0,10868.0,13540.0,7785.0,16531.0,16806.0,11791.0,9621.0,9474.0,7056.0,K.SGNSDVYENEIPGGQYTNLHFQAH.S
,Q99MR8,UNIQUE,SEQUENCE,tag_126.127726,tag_127.124761,tag_127.131081,tag_128.128116,tag_128.134436,tag_129.131471,tag_129.13779,tag_130.134825,tag_130.141145,tag_131.13818,Sequences_mod_check
5129,S,U,R.LQVEHPVTEMITGTDLVE.W,1437.0,0.0,2102.0,1287.0,0.0,1469.0,1457.0,0.0,0.0,0.0,R.LQVEHPVTEM(15.9949)ITGTDLVE.W
,Q9WVL0,UNIQUE,SEQUENCE,tag_126.127726,tag_127.124761,tag_127.131081,tag_128.128116,tag_128.134436,tag_129.131471,tag_129.13779,tag_130.134825,tag_130.141145,tag_131.13818,Sequences_mod_check
6018,S,U,R.RQPDTPAELRT.-,2499.0,1531.0,1781.0,1457.0,2830.0,2526.0,3735.0,2135.0,2836.0,1672.0,R.RQPDTPAELRT.-
,P08113,UNIQUE,SEQUENCE,tag_126.127726,tag_127.124761,tag_127.131081,tag_128.128116,tag_128.134436,tag_129.131471,tag_129.13779,tag_130.134825,tag_130.141145,tag_131.13818,Sequences_mod_check
9759,S,U,K.EESDDEAAVEEEEEEKKPK.T,0.0,1079.0,1516.0,0.0,46154.0,45990.0,31508.0,98902.0,70519.0,19626.0,K.EESDDEAAVEEEEEEKKPK.T
9760,S,U,K.EESDDEAAVEEEEEEKKPK.T,0.0,0.0,0.0,0.0,30476.0,34765.0,20178.0,66979.0,55393.0,14085.0,K.EESDDEAAVEEEEEEKKPK.T
9761,S,U,K.EESDDEAAVEEEEEEKKPK.T,1762.0,1668.0,0.0,1492.0,21658.0,29125.0,19770.0,49713.0,45548.0,10164.0,K.EESDDEAAVEEEEEEKKPK.T
,O54724,UNIQUE,SEQUENCE,tag_126.127726,tag_127.124761,tag_127.131081,tag_128.128116,tag_128.134436,tag_129.131471,tag_129.13779,tag_130.134825,tag_130.141145,tag_131.13818,Sequences_mod_check
10023,S,U,S.GFPDASSEGPEPTQGEAR.A,9521.0,4328.0,4272.0,3307.0,9370.0,8185.0,15016.0,4396.0,5016.0,3308.0,S.GFPDASSEGPEPTQGEAR.A
10056,S,U,K.KLEVNEAELLRR.R,50918.0,38787.0,25184.0,20881.0,67822.0,70672.0,96514.0,21889.0,26587.0,13705.0,K.KLEVNEAELLRR.R
,Q8BFZ9,UNIQUE,SEQUENCE,tag_126.127726,tag_127.124761,tag_127.131081,tag_128.128116,tag_128.134436,tag_129.131471,tag_129.13779,tag_130.134825,tag_130.141145,tag_131.13818,Sequences_mod_check
11629,S,U,R.VTKPNIPEAIRR.N,3268.0,2644.0,3822.0,3410.0,59536.0,67054.0,63184.0,68370.0,38897.0,32271.0,R.VTKPNIPEAIRR.N
11630,S,U,R.VTKPNIPEAIRR.N,1911.0,1796.0,3228.0,2821.0,31026.0,35526.0,35600.0,35158.0,22037.0,16936.0,R.VTKPNIPEAIRR.N
11631,S,U,R.VTKPNIPEAIRR.N,4230.0,4542.0,6083.0,5314.0,58568.0,88475.0,62921.0,79466.0,41317.0,34393.0,R.VTKPNIPEAIRR.N
,Q6P5E4,UNIQUE,SEQUENCE,tag_126.127726,tag_127.124761,tag_127.131081,tag_128.128116,tag_128.134436,tag_129.131471,tag_129.13779,tag_130.134825,tag_130.141145,tag_131.13818,Sequences_mod_check
12196,S,U,F.VVNDSEDVDGMQDAGVAVLR.A,0.0,0.0,0.0,0.0,2069.0,4332.0,1792.0,1795.0,0.0,1855.0,F.VVNDSEDVDGM(15.9949)QDAGVAVLR.A
,Q9D7N9,UNIQUE,SEQUENCE,tag_126.127726,tag_127.124761,tag_127.131081,tag_128.128116,tag_128.134436,tag_129.131471,tag_129.13779,tag_130.134825,tag_130.141145,tag_131.13818,Sequences_mod_check
13434,S,U,K.TRDDEPTCGRPLGIR.A,1857.0,1721.0,1595.0,1627.0,14700.0,8312.0,16262.0,11623.0,20226.0,4589.0,K.TRDDEPTCGRPLGIR.A
,Q8VBZ3,UNIQUE,SEQUENCE,tag_126.127726,tag_127.124761,tag_127.131081,tag_128.128116,tag_128.134436,tag_129.131471,tag_129.13779,tag_130.134825,tag_130.141145,tag_131.13818,Sequences_mod_check
24008,S,U,M.AAAQEADGAGSAVVAAGGGSSGQVTSNGSIGR.D,0.0,0.0,0.0,0.0,0.0,0.0,0.0,1464.0,1813.0,0.0,M.AAAQEADGAGSAVVAAGGGSSGQVTSNGSIGR.D
,Q8BML9,UNIQUE,SEQUENCE,tag_126.127726,tag_127.124761,tag_127.131081,tag_128.128116,tag_128.134436,tag_129.131471,tag_129.13779,tag_130.134825,tag_130.141145,tag_131.13818,Sequences_mod_check
26240,S,U,R.YRFNMGLLMGEARAALR.W,1748.0,1584.0,1491.0,1597.0,2995.0,1546.0,4033.0,2320.0,3359.0,1301.0,R.YRFNMGLLM(15.9949)GEARAALR.W
,Q91ZP3,UNIQUE,SEQUENCE,tag_126.127726,tag_127.124761,tag_127.131081,tag_128.128116,tag_128.134436,tag_129.131471,tag_129.13779,tag_130.134825,tag_130.141145,tag_131.13818,Sequences_mod_check
26865,S,U,K.DAFLEQAVSYQQFADNPAIIDD.P,0.0,0.0,0.0,0.0,1719.0,0.0,0.0,0.0,1787.0,0.0,K.DAFLEQAVSYQQFADNPAIIDD.P
,Q61554,UNIQUE,SEQUENCE,tag_126.127726,tag_127.124761,tag_127.131081,tag_128.128116,tag_128.134436,tag_129.131471,tag_129.13779,tag_130.134825,tag_130.141145,tag_131.13818,Sequences_mod_check
28030,S,U,R.RPDGEGCIDENECQTKPGICENGR.C,1807.0,1579.0,4323.0,2684.0,1771.0,3069.0,5337.0,16445.0,22909.0,10834.0,R.RPDGEGCIDENECQTKPGICENGR.C
28031,S,U,R.RPDGEGCIDENECQTKPGICENGR.C,2015.0,1700.0,3683.0,1805.0,1335.0,1723.0,3138.0,10519.0,16189.0,8353.0,R.RPDGEGCIDENECQTKPGICENGR.C
28032,S,U,R.RPDGEGCIDENECQTKPGICENGR.C,1485.0,1286.0,4787.0,2177.0,2314.0,2011.0,3189.0,14694.0,23188.0,7812.0,R.RPDGEGCIDENECQTKPGICENGR.C
,Q60598,UNIQUE,SEQUENCE,tag_126.127726,tag_127.124761,tag_127.131081,tag_128.128116,tag_128.134436,tag_129.131471,tag_129.13779,tag_130.134825,tag_130.141145,tag_131.13818,Sequences_mod_check
28267,S,U,Q.SAVGFEYQGK.T,7335.0,4647.0,6643.0,5396.0,31058.0,14930.0,31306.0,11749.0,25844.0,22320.0,Q.SAVGFEYQGK.T
,E9QLQ3,UNIQUE,SEQUENCE,tag_126.127726,tag_127.124761,tag_127.131081,tag_128.128116,tag_128.134436,tag_129.131471,tag_129.13779,tag_130.134825,tag_130.141145,tag_131.13818,Sequences_mod_check
28929,S,U,R.SASTAEEKVPVIRPR.R,4429.0,3544.0,6527.0,3836.0,17898.0,12454.0,22054.0,27403.0,37593.0,12775.0,R.SASTAEEKVPVIRPR.R
,Q8CIV2,UNIQUE,SEQUENCE,tag_126.127726,tag_127.124761,tag_127.131081,tag_128.128116,tag_128.134436,tag_129.131471,tag_129.13779,tag_130.134825,tag_130.141145,tag_131.13818,Sequences_mod_check
33340,S,U,R.RPTAPSTPDSSRPDPGVPLEDAPAPAGS.-,0.0,0.0,0.0,0.0,1754.0,0.0,1378.0,1698.0,2300.0,0.0,R.RPTAPSTPDSSRPDPGVPLEDAPAPAGS.-
,P05784,UNIQUE,SEQUENCE,tag_126.127726,tag_127.124761,tag_127.131081,tag_128.128116,tag_128.134436,tag_129.131471,tag_129.13779,tag_130.134825,tag_130.141145,tag_131.13818,Sequences_mod_check
37052,S,U,R.VRPASSAASVYAGAGGSGSRISVSR.S,3501.0,5427.0,3177.0,3963.0,17158.0,18050.0,29076.0,8355.0,13235.0,7177.0,R.VRPASSAASVYAGAGGSGSRISVSR.S
37053,S,U,R.VRPASSAASVYAGAGGSGSRISVSR.S,4402.0,5131.0,4508.0,5352.0,11083.0,9155.0,16176.0,9593.0,12234.0,9806.0,R.VRPASSAASVYAGAGGSGSRISVSR.S
37054,S,U,R.VRPASSAASVYAGAGGSGSRISVSR.S,2910.0,3813.0,3904.0,3761.0,7030.0,7874.0,10226.0,4741.0,8371.0,4638.0,R.VRPASSAASVYAGAGGSGSRISVSR.S
37055,S,U,R.VRPASSAASVYAGAGGSGSRISVSR.S,3590.0,3940.0,3325.0,4525.0,8639.0,9213.0,9583.0,4204.0,5990.0,8412.0,R.VRPASSAASVYAGAGGSGSRISVSR.S
37056,S,U,R.VRPASSAASVYAGAGGSGSRISVSR.S,2257.0,4601.0,2864.0,3549.0,7784.0,8933.0,9742.0,5496.0,8641.0,5737.0,R.VRPASSAASVYAGAGGSGSRISVSR.S
37057,S,U,R.VRPASSAASVYAGAGGSGSRISVSR.S,3647.0,6460.0,5333.0,5825.0,14845.0,14006.0,17210.0,8751.0,13199.0,7781.0,R.VRPASSAASVYAGAGGSGSRISVSR.S
